{
    "loss": [
        0.15822020173072815,
        0.1499440222978592,
        0.14217400550842285,
        0.1394256204366684,
        0.13450771570205688,
        0.13080231845378876,
        0.12209714204072952,
        0.12293452024459839,
        0.11964040994644165,
        0.11720993369817734,
        0.11338777095079422,
        0.113047294318676,
        0.11119646579027176,
        0.10746727883815765,
        0.10584447532892227,
        0.10426187515258789,
        0.10323433578014374,
        0.09970439970493317,
        0.09872665256261826,
        0.09641622751951218
    ],
    "accuracy": [
        0.9676160216331482,
        0.9707289934158325,
        0.9740742444992065,
        0.9762114882469177,
        0.9782558083534241,
        0.9785810708999634,
        0.9815546274185181,
        0.9811829328536987,
        0.9828090667724609,
        0.9817404747009277,
        0.9821586012840271,
        0.9845281839370728,
        0.9842958450317383,
        0.9856432676315308,
        0.9854574203491211,
        0.9862472414970398,
        0.9859220385551453,
        0.9873623847961426,
        0.9885239005088806,
        0.9883845448493958
    ],
    "top3_accuracy": [
        0.999442458152771,
        0.9997212290763855,
        0.9996747374534607,
        0.999488890171051,
        0.9997676610946655,
        0.9996747374534607,
        0.9997212290763855,
        0.9998141527175903,
        0.9999535083770752,
        0.9999535083770752,
        0.9997212290763855,
        0.9997676610946655,
        0.9998605847358704,
        0.9999070763587952,
        0.9997676610946655,
        0.9998605847358704,
        0.9999070763587952,
        0.9999535083770752,
        0.9999070763587952,
        0.9998605847358704
    ],
    "val_loss": [
        0.14237487316131592,
        0.13332055509090424,
        0.1320037841796875,
        0.13127101957798004,
        0.12683270871639252,
        0.12551264464855194,
        0.12328808754682541,
        0.11902019381523132,
        0.1251886487007141,
        0.11675504595041275,
        0.12448309361934662,
        0.11835582554340363,
        0.1151624545454979,
        0.1101798489689827,
        0.11059193313121796,
        0.11316187679767609,
        0.10697183012962341,
        0.10215070843696594,
        0.10264959931373596,
        0.0980035588145256
    ],
    "val_accuracy": [
        0.9819482564926147,
        0.9837371706962585,
        0.985200822353363,
        0.9850382208824158,
        0.986176609992981,
        0.9856887459754944,
        0.9856887459754944,
        0.9899170398712158,
        0.985200822353363,
        0.9878029227256775,
        0.9845503568649292,
        0.9865018725395203,
        0.9878029227256775,
        0.9899170398712158,
        0.9897544384002686,
        0.9873149991035461,
        0.9900797009468079,
        0.9923564791679382,
        0.9904049634933472,
        0.9917059540748596
    ],
    "val_top3_accuracy": [
        1.0,
        1.0,
        1.0,
        1.0,
        1.0,
        1.0,
        1.0,
        1.0,
        1.0,
        1.0,
        1.0,
        1.0,
        1.0,
        1.0,
        1.0,
        1.0,
        1.0,
        1.0,
        1.0,
        1.0
    ],
    "lr": [
        9.999999747378752e-06,
        9.999999747378752e-06,
        9.999999747378752e-06,
        9.999999747378752e-06,
        9.999999747378752e-06,
        9.999999747378752e-06,
        9.999999747378752e-06,
        9.999999747378752e-06,
        9.999999747378752e-06,
        9.999999747378752e-06,
        9.999999747378752e-06,
        9.999999747378752e-06,
        9.999999747378752e-06,
        9.999999747378752e-06,
        9.999999747378752e-06,
        9.999999747378752e-06,
        9.999999747378752e-06,
        9.999999747378752e-06,
        9.999999747378752e-06,
        9.999999747378752e-06
    ]
}