{
    "loss": [
        0.8610957860946655,
        0.5780243873596191,
        0.47386935353279114,
        0.4512593448162079,
        0.4243820905685425,
        0.42697325348854065,
        0.43934524059295654,
        0.41934317350387573,
        0.4363778233528137,
        0.36914554238319397,
        0.3264627158641815,
        0.2904469966888428,
        0.2872951030731201,
        0.2883901298046112,
        0.27060744166374207,
        0.2666049599647522,
        0.27209365367889404,
        0.26578181982040405,
        0.2684451937675476,
        0.2711927890777588,
        0.2379687875509262,
        0.2267472743988037,
        0.21265210211277008,
        0.1996004283428192,
        0.19261668622493744,
        0.1886797696352005,
        0.1850201040506363,
        0.17632167041301727,
        0.1803179532289505,
        0.1715119183063507
    ],
    "accuracy": [
        0.8451424241065979,
        0.9174836277961731,
        0.929796040058136,
        0.9284486174583435,
        0.9311898946762085,
        0.928169846534729,
        0.9288668036460876,
        0.9374622702598572,
        0.9323514103889465,
        0.9450355172157288,
        0.9459183216094971,
        0.9511220455169678,
        0.9480555653572083,
        0.9477767944335938,
        0.9503786563873291,
        0.9510756134986877,
        0.9478232860565186,
        0.9507968425750732,
        0.9484737515449524,
        0.9493100643157959,
        0.9585095047950745,
        0.9588811993598938,
        0.9595780968666077,
        0.960460901260376,
        0.9619941711425781,
        0.9613901376724243,
        0.9603215456008911,
        0.9645495414733887,
        0.959903359413147,
        0.96375972032547
    ],
    "top3_accuracy": [
        0.9642707705497742,
        0.9934024214744568,
        0.9959577918052673,
        0.9956790208816528,
        0.9963294863700867,
        0.996143639087677,
        0.9965153336524963,
        0.9964689016342163,
        0.9973516464233398,
        0.998327374458313,
        0.998373806476593,
        0.9990242719650269,
        0.998373806476593,
        0.9976304173469543,
        0.9987455010414124,
        0.9979556798934937,
        0.9982344508171082,
        0.9986525774002075,
        0.998327374458313,
        0.998373806476593,
        0.998931348323822,
        0.9990242719650269,
        0.9990242719650269,
        0.998884916305542,
        0.9995353817939758,
        0.9990707635879517,
        0.9993495345115662,
        0.9993495345115662,
        0.9993030428886414,
        0.9992101192474365
    ],
    "val_loss": [
        0.5285044312477112,
        0.44220054149627686,
        0.39408382773399353,
        0.3603120446205139,
        0.36691248416900635,
        0.367717444896698,
        0.3957149088382721,
        0.3920289874076843,
        0.3615516126155853,
        0.30528897047042847,
        0.2848068177700043,
        0.24711480736732483,
        0.2447824776172638,
        0.2377908080816269,
        0.21777969598770142,
        0.23713307082653046,
        0.23240788280963898,
        0.22603006660938263,
        0.22909459471702576,
        0.2227618396282196,
        0.2063145488500595,
        0.1907636523246765,
        0.18375340104103088,
        0.17896541953086853,
        0.16710790991783142,
        0.1573975831270218,
        0.1540628969669342,
        0.1611894965171814,
        0.1839522421360016,
        0.15359079837799072
    ],
    "val_accuracy": [
        0.9572288393974304,
        0.9603187441825867,
        0.9593429565429688,
        0.9676370024681091,
        0.9593429565429688,
        0.9619450569152832,
        0.9582045674324036,
        0.9598308801651001,
        0.9648723602294922,
        0.9692633152008057,
        0.9697511792182922,
        0.974467396736145,
        0.971377432346344,
        0.9731663465499878,
        0.9788583517074585,
        0.9705643057823181,
        0.9707269668579102,
        0.9752805233001709,
        0.9752805233001709,
        0.974304735660553,
        0.9749552607536316,
        0.9767441749572754,
        0.9791836142539978,
        0.9751179218292236,
        0.9788583517074585,
        0.9785330891609192,
        0.9808098673820496,
        0.9756057858467102,
        0.9689380526542664,
        0.9778825640678406
    ],
    "val_top3_accuracy": [
        0.9988616108894348,
        1.0,
        0.9993494749069214,
        0.9998373985290527,
        0.9995121359825134,
        0.9998373985290527,
        0.9991868734359741,
        0.9988616108894348,
        0.9995121359825134,
        0.9998373985290527,
        0.9998373985290527,
        0.9995121359825134,
        0.9996747374534607,
        0.9998373985290527,
        1.0,
        0.9998373985290527,
        0.9998373985290527,
        0.9998373985290527,
        0.9993494749069214,
        1.0,
        1.0,
        1.0,
        0.9998373985290527,
        1.0,
        1.0,
        1.0,
        1.0,
        1.0,
        1.0,
        1.0
    ],
    "lr": [
        0.0010000000474974513,
        0.0010000000474974513,
        0.0010000000474974513,
        0.0010000000474974513,
        0.0010000000474974513,
        0.0010000000474974513,
        0.0010000000474974513,
        0.0010000000474974513,
        0.0010000000474974513,
        0.0005000000237487257,
        0.0005000000237487257,
        0.0005000000237487257,
        0.0005000000237487257,
        0.0005000000237487257,
        0.0005000000237487257,
        0.0005000000237487257,
        0.0005000000237487257,
        0.0005000000237487257,
        0.0005000000237487257,
        0.0005000000237487257,
        0.0002500000118743628,
        0.0002500000118743628,
        0.0002500000118743628,
        0.0002500000118743628,
        0.0002500000118743628,
        0.0002500000118743628,
        0.0002500000118743628,
        0.0002500000118743628,
        0.0002500000118743628,
        0.0002500000118743628
    ]
}